typeVoieEtablissement,libelleVoieEtablissement,codePostalEtablissement,libelleCommuneEtablissement,Adresse précise
[ND],[ND],[ND],PRIGONRIEUX, PRIGONRIEUX
[ND],[ND],[ND],LE BUGUE, LE BUGUE
[ND],[ND],[ND],PLAZAC, PLAZAC
LOTISSEMENT,DE LA DULGARIE,24420,SARLIAC-SUR-L'ISLE,LOTISSEMENT DE LA DULGARIE 24420 SARLIAC-SUR-L'ISLE
AVENUE,CHARLES DE GAULLE,24120,TERRASSON-LAVILLEDIEU,AVENUE CHARLES DE GAULLE 24120 TERRASSON-LAVILLEDIEU
RUE,MARC DUFRAISSE,24600,RIBERAC,RUE MARC DUFRAISSE 24600 RIBERAC
CHEMIN,DE HALAGE AMONT,24150,SAINT-CAPRAISE-DE-LALINDE,CHEMIN DE HALAGE AMONT 24150 SAINT-CAPRAISE-DE-LALINDE
RUE,DU TERME,24190,NEUVIC,RUE DU TERME 24190 NEUVIC
RUE,FONT SAINT JEAN,24380,VAL DE LOUYRE ET CAUDEAU,RUE FONT SAINT JEAN 24380 VAL DE LOUYRE ET CAUDEAU
[ND],[ND],[ND],SAINT-MARTIAL-DE-NABIRAT, SAINT-MARTIAL-DE-NABIRAT
RUE,SAINT JOSEPH,24540,MONPAZIER,RUE SAINT JOSEPH 24540 MONPAZIER
,LE BOURG NORD,24220,COUX ET BIGAROQUE-MOUZENS, LE BOURG NORD 24220 COUX ET BIGAROQUE-MOUZENS
ROUTE,DU CLEDIER,24470,SAINT-SAUD-LACOUSSIERE,ROUTE DU CLEDIER 24470 SAINT-SAUD-LACOUSSIERE
LD,CARRIERES,24130,EYRAUD-CREMPSE-MAURENS,LD CARRIERES 24130 EYRAUD-CREMPSE-MAURENS
[ND],[ND],[ND],GRAND-BRASSAC, GRAND-BRASSAC
IMPASSE,BEAUSEJOUR,24210,LA BACHELLERIE,IMPASSE BEAUSEJOUR 24210 LA BACHELLERIE
[ND],[ND],[ND],BEAUPOUYET, BEAUPOUYET
[ND],[ND],[ND],SAINT-ASTIER, SAINT-ASTIER
,MOULIN DE SAINT PIERRE,24380,FOULEIX, MOULIN DE SAINT PIERRE 24380 FOULEIX
[ND],[ND],[ND],PORT-SAINTE-FOY-ET-PONCHAPT, PORT-SAINTE-FOY-ET-PONCHAPT
,LDT LE TALLET,24580,ROUFFIGNAC-ST-CERNIN-DE-REILHAC, LDT LE TALLET 24580 ROUFFIGNAC-ST-CERNIN-DE-REILHAC
ROUTE,DES CHARMILLES,24700,SAINT-BARTHELEMY-DE-BELLEGARDE,ROUTE DES CHARMILLES 24700 SAINT-BARTHELEMY-DE-BELLEGARDE
,BRY,24600,ST SULPICE DE ROUMAGNAC, BRY 24600 ST SULPICE DE ROUMAGNAC
[ND],[ND],[ND],LALINDE, LALINDE
IMPASSE,EMMANUEL CHABRIER,24100,BERGERAC,IMPASSE EMMANUEL CHABRIER 24100 BERGERAC
RUE,DE BELZUNCE,24130,LA FORCE,RUE DE BELZUNCE 24130 LA FORCE
RUE,DU PROFESSEUR CALMETTE,24100,BERGERAC,RUE DU PROFESSEUR CALMETTE 24100 BERGERAC
,LE BOURG,24450,ST-PIERRE-DE-FRUGIE, LE BOURG 24450 ST-PIERRE-DE-FRUGIE
[ND],[ND],[ND],CAMPAGNE, CAMPAGNE
[ND],[ND],[ND],SANILHAC, SANILHAC
,RTE DE PERIGUEUX,24460,AGONAC, RTE DE PERIGUEUX 24460 AGONAC
PLACE,D’ARMES,24290,MONTIGNAC-LASCAUX,PLACE D’ARMES 24290 MONTIGNAC-LASCAUX
[ND],[ND],[ND],GROLEJAC, GROLEJAC
ROUTE,DES VERGNES,24200,SAINT-ANDRE-D'ALLAS,ROUTE DES VERGNES 24200 SAINT-ANDRE-D'ALLAS
RTE,DE SUDRAT,24380,SANILHAC,RTE DE SUDRAT 24380 SANILHAC
[ND],[ND],[ND],SAINT-JORY-LAS-BLOUX, SAINT-JORY-LAS-BLOUX
RUE,DES HLM,24550,VILLEFRANCHE-DU-PERIGORD,RUE DES HLM 24550 VILLEFRANCHE-DU-PERIGORD
[ND],[ND],[ND],BASSILLAC ET AUBEROCHE, BASSILLAC ET AUBEROCHE
ROUTE,DU BANDIAT,24360,VARAIGNES,ROUTE DU BANDIAT 24360 VARAIGNES
LIEU DIT,L’HEPITAL,24270,ANGOISSE,LIEU DIT L’HEPITAL 24270 ANGOISSE
[ND],[ND],[ND],NONTRON, NONTRON
IMPASSE,DE LA LIDOIRE,24230,LAMOTHE-MONTRAVEL,IMPASSE DE LA LIDOIRE 24230 LAMOTHE-MONTRAVEL
RUE,DU CHEMIN CREUX,24270,PAYZAC,RUE DU CHEMIN CREUX 24270 PAYZAC
[ND],[ND],[ND],VEYRINES-DE-DOMME, VEYRINES-DE-DOMME
[ND],[ND],[ND],BERGERAC, BERGERAC
ROUTE,DES BRUJOUX,24430,COURSAC,ROUTE DES BRUJOUX 24430 COURSAC
[ND],[ND],[ND],PERIGUEUX, PERIGUEUX
,LE MOULIN DE LA BORIE,24140,SAINT JEAN D'ESTISSAC, LE MOULIN DE LA BORIE 24140 SAINT JEAN D'ESTISSAC
[ND],[ND],[ND],NADAILLAC, NADAILLAC
,PECHALY,24560,MONMARVES, PECHALY 24560 MONMARVES
LD,PUYBEGOUT,24300,AUGIGNAC,LD PUYBEGOUT 24300 AUGIGNAC
[ND],[ND],[ND],COULOUNIEIX-CHAMIERS, COULOUNIEIX-CHAMIERS
,LABADIE,24560,COLOMBIER, LABADIE 24560 COLOMBIER
PL,PIERRE-JEAN DANIEL,24350,MONTAGRIER,PL PIERRE-JEAN DANIEL 24350 MONTAGRIER
,PARISOT,24480,LE BUISSON-DE-CADOUIN, PARISOT 24480 LE BUISSON-DE-CADOUIN
RUE,DE L'ORMEAU DU PONT,24540,MONPAZIER,RUE DE L'ORMEAU DU PONT 24540 MONPAZIER
[ND],[ND],[ND],EGLISE-NEUVE-DE-VERGT, EGLISE-NEUVE-DE-VERGT
AVENUE,DE RHINAU,24440,BEAUMONTOIS EN PERIGORD,AVENUE DE RHINAU 24440 BEAUMONTOIS EN PERIGORD
ROUTE,DES CHARMILLES,24700,SAINT-BARTHELEMY-DE-BELLEGARDE,ROUTE DES CHARMILLES 24700 SAINT-BARTHELEMY-DE-BELLEGARDE
,LE COMBALOU,24190,NEUVIC, LE COMBALOU 24190 NEUVIC
RUE,DR DAUDE LAGRAVE,24520,MOULEYDIER,RUE DR DAUDE LAGRAVE 24520 MOULEYDIER
RUE,JACQUES PREVERT,24330,BOULAZAC ISLE MANOIRE,RUE JACQUES PREVERT 24330 BOULAZAC ISLE MANOIRE
[ND],[ND],[ND],PIEGUT-PLUVIERS, PIEGUT-PLUVIERS
LD,LES PORTES,24150,PRESSIGNAC-VICQ,LD LES PORTES 24150 PRESSIGNAC-VICQ
,HLM LES MOLLES,24220,SAINT-CYPRIEN, HLM LES MOLLES 24220 SAINT-CYPRIEN
[ND],[ND],[ND],SAINT-MICHEL-DE-VILLADEIX, SAINT-MICHEL-DE-VILLADEIX
,LA MAURE,24410,PARCOUL-CHENAUD, LA MAURE 24410 PARCOUL-CHENAUD
[ND],[ND],[ND],PRIGONRIEUX, PRIGONRIEUX
[ND],[ND],[ND],LA COQUILLE, LA COQUILLE
[ND],[ND],[ND],SAINT-GENIES, SAINT-GENIES
RUE,DE LA LIBERATION,24360,PIEGUT-PLUVIERS,RUE DE LA LIBERATION 24360 PIEGUT-PLUVIERS
LD,LE PETIT GUE,24800,THIVIERS,LD LE PETIT GUE 24800 THIVIERS
,LES CLEDES,24420,SORGES-ET-LIGUEUX-EN-PERIGORD, LES CLEDES 24420 SORGES-ET-LIGUEUX-EN-PERIGORD
[ND],[ND],[ND],BERGERAC, BERGERAC
CHEMIN,DU PELOUX,24110,SAINT-LEON-SUR-L'ISLE,CHEMIN DU PELOUX 24110 SAINT-LEON-SUR-L'ISLE
RUE,KLEBER,24000,PERIGUEUX,RUE KLEBER 24000 PERIGUEUX
[ND],[ND],[ND],SAINT SULPICE D'EXCIDEUIL, SAINT SULPICE D'EXCIDEUIL
,LES CHAUFFOURS,24120,TERRASSON LAVILLEDIEU, LES CHAUFFOURS 24120 TERRASSON LAVILLEDIEU
[ND],[ND],[ND],BERGERAC, BERGERAC
[ND],[ND],[ND],RIBERAC, RIBERAC
RUE,DES SECHOIRS,24370,CARLUX,RUE DES SECHOIRS 24370 CARLUX
[ND],[ND],[ND],ST ETIENNE DE PUYCORBIER, ST ETIENNE DE PUYCORBIER
[ND],[ND],[ND],MOULEYDIER, MOULEYDIER
RUE,BERTRAND DU GUESCLIN,24000,PERIGUEUX,RUE BERTRAND DU GUESCLIN 24000 PERIGUEUX
RUE,DE LA LIBERTE,24400,MUSSIDAN,RUE DE LA LIBERTE 24400 MUSSIDAN
,LIEU DIT PANASSAC,24420,COULAURES, LIEU DIT PANASSAC 24420 COULAURES
[ND],[ND],[ND],LISLE, LISLE
[ND],[ND],[ND],JUMILHAC-LE-GRAND, JUMILHAC-LE-GRAND
,LE PORT,24220,BEYNAC-ET-CAZENAC, LE PORT 24220 BEYNAC-ET-CAZENAC
ROUTE,DE LA TOURETTE,24370,SAINT-JULIEN-DE-LAMPON,ROUTE DE LA TOURETTE 24370 SAINT-JULIEN-DE-LAMPON
ROUTE,DES MARROUX,24520,SAINT-NEXANS,ROUTE DES MARROUX 24520 SAINT-NEXANS
,LA CROIX DE JEANGUIS,24210,LIMEYRAT, LA CROIX DE JEANGUIS 24210 LIMEYRAT
,LIEU DIT GRAND PEY,24350,MENSIGNAC, LIEU DIT GRAND PEY 24350 MENSIGNAC
,LE TALINOT,24150,VARENNES, LE TALINOT 24150 VARENNES
CHEMIN,DU PECH HAUT,24150,BADEFOLS-SUR-DORDOGNE,CHEMIN DU PECH HAUT 24150 BADEFOLS-SUR-DORDOGNE
[ND],[ND],[ND],LA COQUILLE, LA COQUILLE
CHEMIN,DE BORD DE COTE,24290,SAINT-LEON-SUR-VEZERE,CHEMIN DE BORD DE COTE 24290 SAINT-LEON-SUR-VEZERE
LD,PECHIBRAL,24200,VITRAC,LD PECHIBRAL 24200 VITRAC
RUE,DU NORD,24700,LE PIZOU,RUE DU NORD 24700 LE PIZOU
,LE POINT DU JOUR,24380,SANILHAC, LE POINT DU JOUR 24380 SANILHAC
[ND],[ND],[ND],CHAMPNIERS-ET-REILHAC, CHAMPNIERS-ET-REILHAC
[ND],[ND],[ND],VERTEILLAC, VERTEILLAC
ROUTE,DU PLATEAU,24500,EYMET,ROUTE DU PLATEAU 24500 EYMET
,LE CASTENET,24380,SAINT MICHEL DE VILLADEIX, LE CASTENET 24380 SAINT MICHEL DE VILLADEIX
RUE,DE PARIS,24260,LE BUGUE,RUE DE PARIS 24260 LE BUGUE
[ND],[ND],[ND],MARCILLAC-SAINT-QUENTIN, MARCILLAC-SAINT-QUENTIN
,LE VILLAGE,24250,LA ROQUE-GAGEAC, LE VILLAGE 24250 LA ROQUE-GAGEAC
[ND],[ND],[ND],MONBAZILLAC, MONBAZILLAC
RUE,DES VAURES,24100,BERGERAC,RUE DES VAURES 24100 BERGERAC
[ND],[ND],[ND],LALINDE, LALINDE
[ND],[ND],[ND],ROUFFIGNAC-SAINT-CERNIN-DE-REILHAC, ROUFFIGNAC-SAINT-CERNIN-DE-REILHAC
ROUTE,DE LA PLAGE DE CAUDON,24200,VITRAC,ROUTE DE LA PLAGE DE CAUDON 24200 VITRAC
,MOULIN DE LA JAURY,24160,SAINT MEDARD D'EXCIDEUIL, MOULIN DE LA JAURY 24160 SAINT MEDARD D'EXCIDEUIL
RUE,DU 19 MARS 1962,24360,PIEGUT-PLUVIERS,RUE DU 19 MARS 1962 24360 PIEGUT-PLUVIERS
RUE,COMBE DES DAMES,24750,CHAMPCEVINEL,RUE COMBE DES DAMES 24750 CHAMPCEVINEL
RUE,DE CAMPREAL,24100,BERGERAC,RUE DE CAMPREAL 24100 BERGERAC
ROUTE,DES ABEILLES,24130,PRIGONRIEUX,ROUTE DES ABEILLES 24130 PRIGONRIEUX
[ND],[ND],[ND],SAINT AULAYE-PUYMANGOU, SAINT AULAYE-PUYMANGOU
,LES CLEDES,24380,SAINT-PAUL-DE-SERRE, LES CLEDES 24380 SAINT-PAUL-DE-SERRE
[ND],[ND],[ND],PERIGUEUX, PERIGUEUX
RUE,DR SCHWEITZER,24300,NONTRON,RUE DR SCHWEITZER 24300 NONTRON
CHEMIN,DE LA FAURILLE,24100,BERGERAC,CHEMIN DE LA FAURILLE 24100 BERGERAC
RUE,NEUVE D'ARGENSON,24100,BERGERAC,RUE NEUVE D'ARGENSON 24100 BERGERAC
,BRISTEVAL,24600,PETIT-BERSAC, BRISTEVAL 24600 PETIT-BERSAC
,CASTANG,24220,COUX ET BIGAROQUE-MOUZENS, CASTANG 24220 COUX ET BIGAROQUE-MOUZENS
,PEGAURET,24260,SAINT-CHAMASSY, PEGAURET 24260 SAINT-CHAMASSY
AVENUE,ALBERT PESTOUR,24660,COULOUNIEIX-CHAMIERS,AVENUE ALBERT PESTOUR 24660 COULOUNIEIX-CHAMIERS
RUE,VICTOR HUGO,24000,PERIGUEUX,RUE VICTOR HUGO 24000 PERIGUEUX
,FONTEAU,24410,SAINT PRIVAT EN PERIGORD, FONTEAU 24410 SAINT PRIVAT EN PERIGORD
,LE BOURG,24260,AUDRIX, LE BOURG 24260 AUDRIX
[ND],[ND],[ND],MONTIGNAC-LASCAUX, MONTIGNAC-LASCAUX
,LE BOST,24140,DOUVILLE, LE BOST 24140 DOUVILLE
RUE,BERGGREN,24100,BERGERAC,RUE BERGGREN 24100 BERGERAC
,LE GLANDIER,24200,SAINT ANDRE D'ALLAS, LE GLANDIER 24200 SAINT ANDRE D'ALLAS
[ND],[ND],[ND],ROUFFIGNAC-SAINT-CERNIN-DE-REILHAC, ROUFFIGNAC-SAINT-CERNIN-DE-REILHAC
RUE,DU LAVOIR,24170,SAGELAT,RUE DU LAVOIR 24170 SAGELAT
,LE MOULIN DE CHENAUD,24410,PARCOUL-CHENAUD, LE MOULIN DE CHENAUD 24410 PARCOUL-CHENAUD
,LES ROUCHELOUX,24380,VAL DE LOUYRE ET CAUDEAU, LES ROUCHELOUX 24380 VAL DE LOUYRE ET CAUDEAU
RUE,DU 26 MARS 1944,24600,RIBERAC,RUE DU 26 MARS 1944 24600 RIBERAC
RUE,DES ALLIES,24360,PIEGUT-PLUVIERS,RUE DES ALLIES 24360 PIEGUT-PLUVIERS
ROUTE,DE ROYAN,24700,EYGURANDE-ET-GARDEDEUIL,ROUTE DE ROYAN 24700 EYGURANDE-ET-GARDEDEUIL
,LES GRAVOUX OUEST,24470,CHAMPS-ROMAIN, LES GRAVOUX OUEST 24470 CHAMPS-ROMAIN
IMP,DU TACOT LE PAYCE,24660,COULOUNIEIX-CHAMIERS,IMP DU TACOT LE PAYCE 24660 COULOUNIEIX-CHAMIERS
IMPASSE,DE LA CROIX,24230,MONTCARET,IMPASSE DE LA CROIX 24230 MONTCARET
[ND],[ND],[ND],LISLE, LISLE
AVENUE,DES VIGNERONS,24610,VILLEFRANCHE-DE-LONCHAT,AVENUE DES VIGNERONS 24610 VILLEFRANCHE-DE-LONCHAT
,LE BOURG,24250,FLORIMONT-GAUMIER, LE BOURG 24250 FLORIMONT-GAUMIER
[ND],[ND],[ND],ROUFFIGNAC-ST-CERNIN-DE-REILHAC, ROUFFIGNAC-ST-CERNIN-DE-REILHAC
RUE,DE L'HARMONIE,24000,PERIGUEUX,RUE DE L'HARMONIE 24000 PERIGUEUX
RUE,DU TERME SAINT SICAIRE,24000,PERIGUEUX,RUE DU TERME SAINT SICAIRE 24000 PERIGUEUX
[ND],[ND],[ND],THENAC, THENAC
ROUTE,DU NODIN,24230,MONTCARET,ROUTE DU NODIN 24230 MONTCARET
CITE,ALLENDE,24290,MONTIGNAC-LASCAUX,CITE ALLENDE 24290 MONTIGNAC-LASCAUX
[ND],[ND],[ND],SAINT-PIERRE-DE-FRUGIE, SAINT-PIERRE-DE-FRUGIE
[ND],[ND],[ND],BOSSET, BOSSET
IMPASSE,LE PIGNET,24560,FAUX,IMPASSE LE PIGNET 24560 FAUX
,LE BOIS SAINT GERMAIN,24800,THIVIERS, LE BOIS SAINT GERMAIN 24800 THIVIERS
ROUTE,DU ROC,24230,LAMOTHE-MONTRAVEL,ROUTE DU ROC 24230 LAMOTHE-MONTRAVEL
LD,LA ROUMAGERE,24290,MONTIGNAC-LASCAUX,LD LA ROUMAGERE 24290 MONTIGNAC-LASCAUX
PL,DU MARCHE COUVERT,24100,BERGERAC,PL DU MARCHE COUVERT 24100 BERGERAC
[ND],[ND],[ND],SAINT MARTIAL D'ARTENSET, SAINT MARTIAL D'ARTENSET
[ND],[ND],[ND],BOULAZAC ISLE MANOIRE, BOULAZAC ISLE MANOIRE
RUE,DE LA LIBERATION,24360,PIEGUT-PLUVIERS,RUE DE LA LIBERATION 24360 PIEGUT-PLUVIERS
,LA ROCHE,24350,CREYSSAC, LA ROCHE 24350 CREYSSAC
,PUYMONZAC,24320,VERTEILLAC, PUYMONZAC 24320 VERTEILLAC
[ND],[ND],[ND],VEZAC, VEZAC
[ND],[ND],[ND],NANTHIAT, NANTHIAT
CHEMIN,DES CRETES,24140,VILLAMBLARD,CHEMIN DES CRETES 24140 VILLAMBLARD
[ND],[ND],[ND],PLAISANCE, PLAISANCE
ROUTE,DU CHATEAU,24100,SAINT-LAURENT-DES-VIGNES,ROUTE DU CHATEAU 24100 SAINT-LAURENT-DES-VIGNES
[ND],[ND],[ND],MONTIGNAC-LASCAUX, MONTIGNAC-LASCAUX
[ND],[ND],[ND],LE BUGUE, LE BUGUE
RUE,MAURICE IMBERT,24470,SAINT-PARDOUX-LA-RIVIERE,RUE MAURICE IMBERT 24470 SAINT-PARDOUX-LA-RIVIERE
ROUTE,DE BELLEVUE,24560,MONTAUT,ROUTE DE BELLEVUE 24560 MONTAUT
PLACE,DU 14 JUILLET,24150,LALINDE,PLACE DU 14 JUILLET 24150 LALINDE
LD,LES MONTS,24270,SAINT-MESMIN,LD LES MONTS 24270 SAINT-MESMIN
[ND],[ND],[ND],CHANCELADE, CHANCELADE
CHEMIN,DU CASTANET,24520,COURS-DE-PILE,CHEMIN DU CASTANET 24520 COURS-DE-PILE
ROUTE,DES GENETS,24350,LA CHAPELLE-GONAGUET,ROUTE DES GENETS 24350 LA CHAPELLE-GONAGUET
RUE,DU PONT,24420,SAVIGNAC-LES-EGLISES,RUE DU PONT 24420 SAVIGNAC-LES-EGLISES
RUE,SALINIERE,24000,PERIGUEUX,RUE SALINIERE 24000 PERIGUEUX
RUE,J PH RAMEAU,24100,BERGERAC,RUE J PH RAMEAU 24100 BERGERAC
[ND],[ND],[ND],VAL DE LOUYRE ET CAUDEAU, VAL DE LOUYRE ET CAUDEAU
CHEMIN,DE LA FONTAINE,24800,SAINT-JEAN-DE-COLE,CHEMIN DE LA FONTAINE 24800 SAINT-JEAN-DE-COLE
RUE,DU TEMPLE,24500,EYMET,RUE DU TEMPLE 24500 EYMET
,LIEU-DIT DOUSSAC,24160,GENIS, LIEU-DIT DOUSSAC 24160 GENIS
ROUTE,DE LA FONTAINE DES PRIVATS,24430,COURSAC,ROUTE DE LA FONTAINE DES PRIVATS 24430 COURSAC
ROUTE,DES ECOLIERS,24400,SOURZAC,ROUTE DES ECOLIERS 24400 SOURZAC
RUE,DU COTEAU,24000,PERIGUEUX,RUE DU COTEAU 24000 PERIGUEUX
RUE,DU PETIT RESERVOIR,24000,PERIGUEUX,RUE DU PETIT RESERVOIR 24000 PERIGUEUX
,LIEU-DIT PUYLORIOL,24310,BIRAS, LIEU-DIT PUYLORIOL 24310 BIRAS
,LA MAURE NORD,24140,CAMPSEGRET, LA MAURE NORD 24140 CAMPSEGRET
IMPASSE,DU GODET,24460,CHATEAU-L'EVEQUE,IMPASSE DU GODET 24460 CHATEAU-L'EVEQUE
[ND],[ND],[ND],BERGERAC, BERGERAC
RUE,JEAN DE GRAILLY,24610,CARSAC-DE-GURSON,RUE JEAN DE GRAILLY 24610 CARSAC-DE-GURSON
,LIEU DIT LOUMAGNE,24140,SAINT JEAN D'ESTISSAC, LIEU DIT LOUMAGNE 24140 SAINT JEAN D'ESTISSAC
[ND],[ND],[ND],PAUNAT, PAUNAT
RUE,DE PERIGUEUX,24300,NONTRON,RUE DE PERIGUEUX 24300 NONTRON
[ND],[ND],[ND],SANILHAC, SANILHAC
ROUTE,DE SAINT-LEON,24110,SAINT-ASTIER,ROUTE DE SAINT-LEON 24110 SAINT-ASTIER
ROUTE,FONTAINE DU BOURNAT,24400,SOURZAC,ROUTE FONTAINE DU BOURNAT 24400 SOURZAC
[ND],[ND],[ND],LE PIZOU, LE PIZOU
[ND],[ND],[ND],PIEGUT-PLUVIERS, PIEGUT-PLUVIERS
,LE BOURG,24230,ST-MICHEL-MONTAIGNE, LE BOURG 24230 ST-MICHEL-MONTAIGNE
[ND],[ND],[ND],LUSIGNAC, LUSIGNAC
[ND],[ND],[ND],BERGERAC, BERGERAC
,LIEU DIT LE PETIT POUEIX,24360,BUSSIERE-BADIL, LIEU DIT LE PETIT POUEIX 24360 BUSSIERE-BADIL
ROUTE,DES DUCS,24130,SAINT-GEORGES-BLANCANEIX,ROUTE DES DUCS 24130 SAINT-GEORGES-BLANCANEIX
ALLEE,DE LA LISIERE DU PARC,24100,BERGERAC,ALLEE DE LA LISIERE DU PARC 24100 BERGERAC
,BORMAZET,24270,SARLANDE, BORMAZET 24270 SARLANDE
ROUTE,DES CANONS,24210,FOSSEMAGNE,ROUTE DES CANONS 24210 FOSSEMAGNE
[ND],[ND],[ND],GENIS, GENIS
ROUTE,DES NEBOUTS,24130,PRIGONRIEUX,ROUTE DES NEBOUTS 24130 PRIGONRIEUX
,LA GARRIGUE,24590,PAULIN, LA GARRIGUE 24590 PAULIN
CHEMIN,DE BEYNAC,24100,LEMBRAS,CHEMIN DE BEYNAC 24100 LEMBRAS
[ND],[ND],[ND],BOULAZAC ISLE MANOIRE, BOULAZAC ISLE MANOIRE
[ND],[ND],[ND],SORGES-ET-LIGUEUX-EN-PERIGORD, SORGES-ET-LIGUEUX-EN-PERIGORD
[ND],[ND],[ND],BOULAZAC ISLE MANOIRE, BOULAZAC ISLE MANOIRE
RUE,D'ALBUSSE,24200,SARLAT-LA-CANEDA,RUE D'ALBUSSE 24200 SARLAT-LA-CANEDA
[ND],[ND],[ND],MOULIN-NEUF, MOULIN-NEUF
[ND],[ND],[ND],PERIGUEUX, PERIGUEUX
RUE,MARCEL PAGNOL,24700,MONTPON-MENESTEROL,RUE MARCEL PAGNOL 24700 MONTPON-MENESTEROL
RUE,DU MARCHAT,24420,SAVIGNAC-LES-EGLISES,RUE DU MARCHAT 24420 SAVIGNAC-LES-EGLISES
RUE,LOUIS BLANC,24000,PERIGUEUX,RUE LOUIS BLANC 24000 PERIGUEUX
,LE GRAND CLAUD,24310,BRANTOME EN PERIGORD, LE GRAND CLAUD 24310 BRANTOME EN PERIGORD
[ND],[ND],[ND],MONESTIER, MONESTIER
[ND],[ND],[ND],RIBERAC, RIBERAC
[ND],[ND],[ND],BERGERAC, BERGERAC
RUE,YVES MONTAND,24100,BERGERAC,RUE YVES MONTAND 24100 BERGERAC
RUE,DES MARGUERITES,24410,SAINT AULAYE-PUYMANGOU,RUE DES MARGUERITES 24410 SAINT AULAYE-PUYMANGOU
RUE,DE LA FRAISE,24380,EGLISE-NEUVE-DE-VERGT,RUE DE LA FRAISE 24380 EGLISE-NEUVE-DE-VERGT
RUE,DE PEY HARRY,24330,BOULAZAC ISLE MANOIRE,RUE DE PEY HARRY 24330 BOULAZAC ISLE MANOIRE
,GRESIGNAC,24320,LA CHAPELLE GRESIGNAC, GRESIGNAC 24320 LA CHAPELLE GRESIGNAC
AVENUE,DU PERIGORD,24390,CHERVEIX-CUBAS,AVENUE DU PERIGORD 24390 CHERVEIX-CUBAS
AVENUE,DE SELVES,24200,SARLAT-LA-CANEDA,AVENUE DE SELVES 24200 SARLAT-LA-CANEDA
[ND],[ND],[ND],SAINT-CYPRIEN, SAINT-CYPRIEN
[ND],[ND],[ND],CHAMPCEVINEL, CHAMPCEVINEL
RUE,CHAMPOLLION,24110,SAINT-ASTIER,RUE CHAMPOLLION 24110 SAINT-ASTIER
RUE,SIMONE SIGNORET,24700,MONTPON-MENESTEROL,RUE SIMONE SIGNORET 24700 MONTPON-MENESTEROL
[ND],[ND],[ND],SAINT-GENIES, SAINT-GENIES
[ND],[ND],[ND],MONTIGNAC-LASCAUX, MONTIGNAC-LASCAUX
RTE,DE BIGAROQUE,24220,COUX ET BIGAROQUE-MOUZENS,RTE DE BIGAROQUE 24220 COUX ET BIGAROQUE-MOUZENS
[ND],[ND],[ND],MUSSIDAN, MUSSIDAN
ROUTE,DU BOS NEGRE,24140,QUEYSSAC,ROUTE DU BOS NEGRE 24140 QUEYSSAC
RUE,DES HAUTES SOURCES,24470,MILHAC-DE-NONTRON,RUE DES HAUTES SOURCES 24470 MILHAC-DE-NONTRON
[ND],[ND],[ND],PERIGUEUX, PERIGUEUX
[ND],[ND],[ND],THIVIERS, THIVIERS
RUE,WALDECK ROUSSEAU,24000,PERIGUEUX,RUE WALDECK ROUSSEAU 24000 PERIGUEUX
RUE,ANATOLE FRANCE,24400,MUSSIDAN,RUE ANATOLE FRANCE 24400 MUSSIDAN
AVENUE,DE LA CANEDA,24200,SARLAT-LA-CANEDA,AVENUE DE LA CANEDA 24200 SARLAT-LA-CANEDA
[ND],[ND],[ND],SAINT-MICHEL-DE-MONTAIGNE, SAINT-MICHEL-DE-MONTAIGNE
[ND],[ND],[ND],LES EYZIES, LES EYZIES
IMPASSE,LE PIGNET,24560,FAUX,IMPASSE LE PIGNET 24560 FAUX
[ND],[ND],[ND],SAINT-ANTOINE-DE-BREUILH, SAINT-ANTOINE-DE-BREUILH
AVENUE,GEORGES POMPIDOU,24000,PERIGUEUX,AVENUE GEORGES POMPIDOU 24000 PERIGUEUX
,MOULIN BESSOU,24510,ST FELIX DE VILLADEIX, MOULIN BESSOU 24510 ST FELIX DE VILLADEIX
[ND],[ND],[ND],ALLES-SUR-DORDOGNE, ALLES-SUR-DORDOGNE
,PECH DE CAYRE,24250,CENAC ET SAINT JULIEN, PECH DE CAYRE 24250 CENAC ET SAINT JULIEN
[ND],[ND],[ND],LACROPTE, LACROPTE
CHEMIN,DES CHATAIGNIERS,24380,SAINT-PAUL-DE-SERRE,CHEMIN DES CHATAIGNIERS 24380 SAINT-PAUL-DE-SERRE
RUE,SIMONE VEIL,24750,BOULAZAC ISLE MANOIRE,RUE SIMONE VEIL 24750 BOULAZAC ISLE MANOIRE
[ND],[ND],[ND],PERIGUEUX, PERIGUEUX
RUE,DU CHENE TORD,24230,SAINT-ANTOINE-DE-BREUILH,RUE DU CHENE TORD 24230 SAINT-ANTOINE-DE-BREUILH
ROUTE,DU GRAND CHENE,24200,MARCILLAC-SAINT-QUENTIN,ROUTE DU GRAND CHENE 24200 MARCILLAC-SAINT-QUENTIN
[ND],[ND],[ND],CAMPSEGRET, CAMPSEGRET
ROUTE,DE LAGRAULET,24560,PLAISANCE,ROUTE DE LAGRAULET 24560 PLAISANCE
RUE,ERNEST GUILLIER,24000,PERIGUEUX,RUE ERNEST GUILLIER 24000 PERIGUEUX
RUE,MARTHA DESRUMAUX,24000,PERIGUEUX,RUE MARTHA DESRUMAUX 24000 PERIGUEUX
ROUTE,DES CORDONNIERS,24330,SAINT-CREPIN-D'AUBEROCHE,ROUTE DES CORDONNIERS 24330 SAINT-CREPIN-D'AUBEROCHE
IMPASSE,DE BRUYOLS,24430,COURSAC,IMPASSE DE BRUYOLS 24430 COURSAC
CHE,DU LAC OUYAUD,24330,BASSILLAC ET AUBEROCHE,CHE DU LAC OUYAUD 24330 BASSILLAC ET AUBEROCHE
RUE,DU LOUP,24500,EYMET,RUE DU LOUP 24500 EYMET
CHEMIN,DES PICADIS,24320,BOURG-DES-MAISONS,CHEMIN DES PICADIS 24320 BOURG-DES-MAISONS
RUE,DU CINGLE,24260,LE BUGUE,RUE DU CINGLE 24260 LE BUGUE
CHEMIN,DE LA FONTAINE,24300,CONNEZAC,CHEMIN DE LA FONTAINE 24300 CONNEZAC
RUE,DE LA CROIX DES CHASSES,24460,AGONAC,RUE DE LA CROIX DES CHASSES 24460 AGONAC
[ND],[ND],[ND],TRELISSAC, TRELISSAC
IMPASSE,DES BRANDES,24430,MARSAC-SUR-L'ISLE,IMPASSE DES BRANDES 24430 MARSAC-SUR-L'ISLE
CHEMIN,DU LAC CHARDEL,24210,LIMEYRAT,CHEMIN DU LAC CHARDEL 24210 LIMEYRAT
,LE MAINE FOUCAUD,24320,BERTRIC-BUREE, LE MAINE FOUCAUD 24320 BERTRIC-BUREE
ROUTE,DE LA GRIMARDIE,24140,EYRAUD-CREMPSE-MAURENS,ROUTE DE LA GRIMARDIE 24140 EYRAUD-CREMPSE-MAURENS
CHEMIN,DU BOIS VERT,24100,LEMBRAS,CHEMIN DU BOIS VERT 24100 LEMBRAS
RUE,DE PROUMEYSSAC,24260,LE BUGUE,RUE DE PROUMEYSSAC 24260 LE BUGUE
RUE,ARAGO,24000,PERIGUEUX,RUE ARAGO 24000 PERIGUEUX
[ND],[ND],[ND],LA CHAPELLE-GONAGUET, LA CHAPELLE-GONAGUET
[ND],[ND],[ND],MONTPON-MENESTEROL, MONTPON-MENESTEROL
ROUTE,DE LA TERRE DES VIALHE,24120,TERRASSON-LAVILLEDIEU,ROUTE DE LA TERRE DES VIALHE 24120 TERRASSON-LAVILLEDIEU
CHEM,COTEAU,24220,CASTELS ET BEZENAC,CHEM COTEAU 24220 CASTELS ET BEZENAC
LD,LES GRAVOUX,24470,CHAMPS-ROMAIN,LD LES GRAVOUX 24470 CHAMPS-ROMAIN
[ND],[ND],[ND],EYGURANDE-ET-GARDEDEUIL, EYGURANDE-ET-GARDEDEUIL
[ND],[ND],[ND],LE BUISSON-DE-CADOUIN, LE BUISSON-DE-CADOUIN
ROUTE,DE VITRAC,24200,CARSAC-AILLAC,ROUTE DE VITRAC 24200 CARSAC-AILLAC
[ND],[ND],[ND],BERGERAC, BERGERAC
,LES TERRES BLANCHES,24520,SAINT-SAUVEUR, LES TERRES BLANCHES 24520 SAINT-SAUVEUR
LD,LE PARC,24540,LOLME,LD LE PARC 24540 LOLME
[ND],[ND],[ND],ISSIGEAC, ISSIGEAC
[ND],[ND],[ND],PLAZAC, PLAZAC
ROUTE,DU COUSTINET,24520,COURS-DE-PILE,ROUTE DU COUSTINET 24520 COURS-DE-PILE
IMPASSE,DU TROTTEUR,24200,SARLAT-LA-CANEDA,IMPASSE DU TROTTEUR 24200 SARLAT-LA-CANEDA
[ND],[ND],[ND],DOMME, DOMME
,LIEU-DIT LE BUISSON,24470,SAINT-PARDOUX-LA-RIVIERE, LIEU-DIT LE BUISSON 24470 SAINT-PARDOUX-LA-RIVIERE
[ND],[ND],[ND],BERGERAC, BERGERAC
[ND],[ND],[ND],MENESPLET, MENESPLET
RUE,MICHELINE OSTERMEYER,24750,CHAMPCEVINEL,RUE MICHELINE OSTERMEYER 24750 CHAMPCEVINEL
[ND],[ND],[ND],COURSAC, COURSAC
[ND],[ND],[ND],VILLEFRANCHE-DU-PERIGORD, VILLEFRANCHE-DU-PERIGORD
ROUTE,DE LA BASSE RUE,24520,SAINT-NEXANS,ROUTE DE LA BASSE RUE 24520 SAINT-NEXANS
[ND],[ND],[ND],JUMILHAC-LE-GRAND, JUMILHAC-LE-GRAND
ROUTE,DES BRANDEAUX,24430,COURSAC,ROUTE DES BRANDEAUX 24430 COURSAC
ROUTE,DU CHAMBON,24430,MARSAC-SUR-L'ISLE,ROUTE DU CHAMBON 24430 MARSAC-SUR-L'ISLE
[ND],[ND],[ND],SAVIGNAC-LES-EGLISES, SAVIGNAC-LES-EGLISES
RUE,RENAUDAT,24130,PRIGONRIEUX,RUE RENAUDAT 24130 PRIGONRIEUX
RUE,DE L’EGLISE,24520,COURS-DE-PILE,RUE DE L’EGLISE 24520 COURS-DE-PILE
[ND],[ND],[ND],CHAMPCEVINEL, CHAMPCEVINEL
[ND],[ND],[ND],THENAC, THENAC
[ND],[ND],[ND],PAYS DE BELVES, PAYS DE BELVES
[ND],[ND],[ND],CHANCELADE, CHANCELADE
RUE,MARTHA DESRUMAUX,24000,PERIGUEUX,RUE MARTHA DESRUMAUX 24000 PERIGUEUX
[ND],[ND],[ND],PAYS DE BELVES, PAYS DE BELVES
ALLEE,DE VAUGOUBERT,24530,QUINSAC,ALLEE DE VAUGOUBERT 24530 QUINSAC
[ND],[ND],[ND],PERIGUEUX, PERIGUEUX
[ND],[ND],[ND],PERIGUEUX, PERIGUEUX
,THENON,24240,RAZAC-DE-SAUSSIGNAC, THENON 24240 RAZAC-DE-SAUSSIGNAC
[ND],[ND],[ND],SAINT-ANDRE-D'ALLAS, SAINT-ANDRE-D'ALLAS
RTE,DE POUZELANDE,24380,SANILHAC,RTE DE POUZELANDE 24380 SANILHAC
RUE,ICARIE,24000,PERIGUEUX,RUE ICARIE 24000 PERIGUEUX
,LAS SAGNAS,24270,SAINT-CYR-LES-CHAMPAGNES, LAS SAGNAS 24270 SAINT-CYR-LES-CHAMPAGNES
ROUTE,JEAN NOUVEL,24330,SAINT-CREPIN-D'AUBEROCHE,ROUTE JEAN NOUVEL 24330 SAINT-CREPIN-D'AUBEROCHE
RUE,DE L'ANCIEN LAVOIR,24120,PAZAYAC,RUE DE L'ANCIEN LAVOIR 24120 PAZAYAC
IMP,NIKI DE SAINT PHALLE,24330,BOULAZAC ISLE MANOIRE,IMP NIKI DE SAINT PHALLE 24330 BOULAZAC ISLE MANOIRE
,LA GARRIGUE,24620,TAMNIES, LA GARRIGUE 24620 TAMNIES
[ND],[ND],[ND],BRANTOME EN PERIGORD, BRANTOME EN PERIGORD
[ND],[ND],[ND],COURSAC, COURSAC
RUE,DU CLUZEAU,24000,PERIGUEUX,RUE DU CLUZEAU 24000 PERIGUEUX
PLACE,DE LA MADELEINE,24100,BERGERAC,PLACE DE LA MADELEINE 24100 BERGERAC
[ND],[ND],[ND],NANTHEUIL, NANTHEUIL
RUE,DU PUITS,24190,SAINT-GERMAIN-DU-SALEMBRE,RUE DU PUITS 24190 SAINT-GERMAIN-DU-SALEMBRE
CHEMIN,DES BATELIERS,24130,SAINT-PIERRE-D'EYRAUD,CHEMIN DES BATELIERS 24130 SAINT-PIERRE-D'EYRAUD
ROUTE,DU ROC,24230,LAMOTHE-MONTRAVEL,ROUTE DU ROC 24230 LAMOTHE-MONTRAVEL
IMPASSE,DU CLAUD,24380,VERGT,IMPASSE DU CLAUD 24380 VERGT
RUE,DE LA MIRPE,24100,BERGERAC,RUE DE LA MIRPE 24100 BERGERAC
RUE,DE L'ANCIEN LAVOIR,24120,PAZAYAC,RUE DE L'ANCIEN LAVOIR 24120 PAZAYAC
[ND],[ND],[ND],NONTRON, NONTRON
[ND],[ND],[ND],TOCANE-SAINT-APRE, TOCANE-SAINT-APRE
RUELLE,DES FRUITIERS,24340,MAREUIL EN PERIGORD,RUELLE DES FRUITIERS 24340 MAREUIL EN PERIGORD
,CHEZ MARJOU,24410,SAINT AULAYE-PUYMANGOU, CHEZ MARJOU 24410 SAINT AULAYE-PUYMANGOU
AVENUE,DE LA DORDOGNE,24200,SARLAT-LA-CANEDA,AVENUE DE LA DORDOGNE 24200 SARLAT-LA-CANEDA
[ND],[ND],[ND],SARLAT-LA-CANEDA, SARLAT-LA-CANEDA
[ND],[ND],[ND],COULOUNIEIX-CHAMIERS, COULOUNIEIX-CHAMIERS
RUE,DE PROMPSAULT,24660,SANILHAC,RUE DE PROMPSAULT 24660 SANILHAC
IMPASSE,DE LA BOISSIERE,24150,LALINDE,IMPASSE DE LA BOISSIERE 24150 LALINDE
[ND],[ND],[ND],ISSIGEAC, ISSIGEAC
[ND],[ND],[ND],LA DORNAC, LA DORNAC
RUE,SAINT ROCH,24680,LAMONZIE-ST-MARTIN,RUE SAINT ROCH 24680 LAMONZIE-ST-MARTIN
[ND],[ND],[ND],CHANCELADE, CHANCELADE
[ND],[ND],[ND],VILLARS, VILLARS
[ND],[ND],[ND],PEYZAC-LE-MOUSTIER, PEYZAC-LE-MOUSTIER
[ND],[ND],[ND],MUSSIDAN, MUSSIDAN
[ND],[ND],[ND],LANOUAILLE, LANOUAILLE
[ND],[ND],[ND],PERIGUEUX, PERIGUEUX
IMPASSE,DU LAVOIR,24170,SAINT-GERMAIN-DE-BELVES,IMPASSE DU LAVOIR 24170 SAINT-GERMAIN-DE-BELVES
[ND],[ND],[ND],BERGERAC, BERGERAC
[ND],[ND],[ND],MONTPON-MENESTEROL, MONTPON-MENESTEROL
RUE,MARTHA DESRUMAUX,24000,PERIGUEUX,RUE MARTHA DESRUMAUX 24000 PERIGUEUX
[ND],[ND],[ND],MENESPLET, MENESPLET
[ND],[ND],[ND],VAL DE LOUYRE ET CAUDEAU, VAL DE LOUYRE ET CAUDEAU
[ND],[ND],[ND],COUZE-ET-ST-FRONT, COUZE-ET-ST-FRONT
RUE,DE LA RESISTANCE,24130,SAINT-PIERRE-D'EYRAUD,RUE DE LA RESISTANCE 24130 SAINT-PIERRE-D'EYRAUD
[ND],[ND],[ND],VERTEILLAC, VERTEILLAC
ROUTE,DES PALOMBES,24370,CARLUX,ROUTE DES PALOMBES 24370 CARLUX
ROUTE,DE LA GREZELIE,24620,MARQUAY,ROUTE DE LA GREZELIE 24620 MARQUAY
ROUTE,DE NOTRE DAME DE SANILHAC,24660,SANILHAC,ROUTE DE NOTRE DAME DE SANILHAC 24660 SANILHAC
RUE,DE LA LIBERATION,24360,PIEGUT-PLUVIERS,RUE DE LA LIBERATION 24360 PIEGUT-PLUVIERS
RUE,GEORGES BRASSENS,24660,COULOUNIEIX-CHAMIERS,RUE GEORGES BRASSENS 24660 COULOUNIEIX-CHAMIERS
[ND],[ND],[ND],PERIGUEUX, PERIGUEUX
CHEMIN,ELSA TRIOLET,24200,SARLAT-LA-CANEDA,CHEMIN ELSA TRIOLET 24200 SARLAT-LA-CANEDA
[ND],[ND],[ND],ALLEMANS, ALLEMANS
RUE,DU GUE,24400,SAINT-LOUIS-EN-L'ISLE,RUE DU GUE 24400 SAINT-LOUIS-EN-L'ISLE
[ND],[ND],[ND],SAINT-PAUL-LA-ROCHE, SAINT-PAUL-LA-ROCHE
RUE,CLOS CHASSAING,24000,PERIGUEUX,RUE CLOS CHASSAING 24000 PERIGUEUX
RUE,DE L'EGLISE,24610,SAINT-MEARD-DE-GURCON,RUE DE L'EGLISE 24610 SAINT-MEARD-DE-GURCON
RUE,DU MAJORAL FOURNIER,24330,BOULAZAC ISLE MANOIRE,RUE DU MAJORAL FOURNIER 24330 BOULAZAC ISLE MANOIRE
[ND],[ND],[ND],SAINT-MEDARD-DE-MUSSIDAN, SAINT-MEDARD-DE-MUSSIDAN
[ND],[ND],[ND],LA COQUILLE, LA COQUILLE
[ND],[ND],[ND],NEUVIC, NEUVIC
CHEMIN,DES FEUTRES DE TOULON,24000,PERIGUEUX,CHEMIN DES FEUTRES DE TOULON 24000 PERIGUEUX
[ND],[ND],[ND],COURSAC, COURSAC
RUE,GENERAL CLERGERIE,24000,PERIGUEUX,RUE GENERAL CLERGERIE 24000 PERIGUEUX
[ND],[ND],[ND],PERIGUEUX, PERIGUEUX
,LE SEYCAT,24190,NEUVIC, LE SEYCAT 24190 NEUVIC
ALLEE,GEORGES PERRIER,24460,CHATEAU-L'EVEQUE,ALLEE GEORGES PERRIER 24460 CHATEAU-L'EVEQUE
RUE,DU VERN,24110,GRIGNOLS,RUE DU VERN 24110 GRIGNOLS
[ND],[ND],[ND],PERIGUEUX, PERIGUEUX
[ND],[ND],[ND],LA ROCHE-CHALAIS, LA ROCHE-CHALAIS
RUE,YVES FARGES,24330,BOULAZAC ISLE MANOIRE,RUE YVES FARGES 24330 BOULAZAC ISLE MANOIRE
,LES VAURIES,24170,SAINT-POMPON, LES VAURIES 24170 SAINT-POMPON
[ND],[ND],[ND],BRANTOME EN PERIGORD, BRANTOME EN PERIGORD
[ND],[ND],[ND],PERIGUEUX, PERIGUEUX
[ND],[ND],[ND],LE PIZOU, LE PIZOU
[ND],[ND],[ND],SAINT-LAURENT-DES-VIGNES, SAINT-LAURENT-DES-VIGNES
,ROQUEPINE,24560,SAINTE-RADEGONDE, ROQUEPINE 24560 SAINTE-RADEGONDE
[ND],[ND],[ND],SAINT-ASTIER, SAINT-ASTIER
[ND],[ND],[ND],BERGERAC, BERGERAC
RUE,DE BERBESSOU,24460,AGONAC,RUE DE BERBESSOU 24460 AGONAC
[ND],[ND],[ND],SANILHAC, SANILHAC
,LE PUY OUEST,24300,NONTRON, LE PUY OUEST 24300 NONTRON
[ND],[ND],[ND],SAINT-ANTOINE-DE-BREUILH, SAINT-ANTOINE-DE-BREUILH
ROUTE,DE LA POULE,24130,PRIGONRIEUX,ROUTE DE LA POULE 24130 PRIGONRIEUX
IMPASSE,DE LA CROIX,24230,MONTCARET,IMPASSE DE LA CROIX 24230 MONTCARET
CHEMIN,DES ROUQUILLOUX,24650,CHANCELADE,CHEMIN DES ROUQUILLOUX 24650 CHANCELADE
RUE,CHANZY,24000,PERIGUEUX,RUE CHANZY 24000 PERIGUEUX
[ND],[ND],[ND],LUSSAS-ET-NONTRONNEAU, LUSSAS-ET-NONTRONNEAU
IMPASSE,DE LA TUILERIE,24460,SAINT-FRONT-D'ALEMPS,IMPASSE DE LA TUILERIE 24460 SAINT-FRONT-D'ALEMPS
[ND],[ND],[ND],BEAUMONTOIS EN PERIGORD, BEAUMONTOIS EN PERIGORD
[ND],[ND],[ND],SAINT-SAUVEUR, SAINT-SAUVEUR
RUE,ERNEST GUILLIER,24000,PERIGUEUX,RUE ERNEST GUILLIER 24000 PERIGUEUX
RUE,LINO VENTURA,24200,SARLAT-LA-CANEDA,RUE LINO VENTURA 24200 SARLAT-LA-CANEDA
[ND],[ND],[ND],BERGERAC, BERGERAC
CHEMIN,DU BANCUT,24210,BARS,CHEMIN DU BANCUT 24210 BARS
CITE,DES MARTREYS,24570,LE LARDIN-SAINT-LAZARE,CITE DES MARTREYS 24570 LE LARDIN-SAINT-LAZARE
ROUTE,DE ROSETTE,24100,BERGERAC,ROUTE DE ROSETTE 24100 BERGERAC
[ND],[ND],[ND],SAINT-GERMAIN-DU-SALEMBRE, SAINT-GERMAIN-DU-SALEMBRE
[ND],[ND],[ND],SARLAT-LA-CANEDA, SARLAT-LA-CANEDA
[ND],[ND],[ND],BOULAZAC ISLE MANOIRE, BOULAZAC ISLE MANOIRE
RUE,DE L'ALMA,24000,PERIGUEUX,RUE DE L'ALMA 24000 PERIGUEUX
RUE,SAINT-MICHEL,24100,BERGERAC,RUE SAINT-MICHEL 24100 BERGERAC
CHEMIN,LA LEBRE,24150,LANQUAIS,CHEMIN LA LEBRE 24150 LANQUAIS
RUE,BERTRAND DU GUESCLIN,24000,PERIGUEUX,RUE BERTRAND DU GUESCLIN 24000 PERIGUEUX
ROUTE,DES ROSIERS,24600,VILLETOUREIX,ROUTE DES ROSIERS 24600 VILLETOUREIX
[ND],[ND],[ND],PERIGUEUX, PERIGUEUX
ROUTE,DE VILLEREAL,24560,SAINTE-RADEGONDE,ROUTE DE VILLEREAL 24560 SAINTE-RADEGONDE
[ND],[ND],[ND],COLY-SAINT-AMAND, COLY-SAINT-AMAND
RUE,DES ECOLES,24120,PAZAYAC,RUE DES ECOLES 24120 PAZAYAC
[ND],[ND],[ND],BERGERAC, BERGERAC
PLACE,DE LA MAIRIE,24220,CASTELS ET BEZENAC,PLACE DE LA MAIRIE 24220 CASTELS ET BEZENAC
[ND],[ND],[ND],SAINT-MARTIN-DE-RIBERAC, SAINT-MARTIN-DE-RIBERAC
[ND],[ND],[ND],PERIGUEUX, PERIGUEUX
RUE,ROMAINE,24000,PERIGUEUX,RUE ROMAINE 24000 PERIGUEUX
[ND],[ND],[ND],PERIGUEUX, PERIGUEUX
AVENUE,PIERRE MENDES FRANCE,24660,COULOUNIEIX-CHAMIERS,AVENUE PIERRE MENDES FRANCE 24660 COULOUNIEIX-CHAMIERS
ALLEE,DE LA COUTURE,24660,SANILHAC,ALLEE DE LA COUTURE 24660 SANILHAC
,LE PONTEIX,24190,NEUVIC, LE PONTEIX 24190 NEUVIC
AVENUE,DE GAUMONDIERES,24300,NONTRON,AVENUE DE GAUMONDIERES 24300 NONTRON
,LE PINAUD,24430,RAZAC SUR L'ISLE, LE PINAUD 24430 RAZAC SUR L'ISLE
ROUTE,DE LYON,24000,PERIGUEUX,ROUTE DE LYON 24000 PERIGUEUX
BOULEVARD,DES SAVEURS,24660,COULOUNIEIX-CHAMIERS,BOULEVARD DES SAVEURS 24660 COULOUNIEIX-CHAMIERS
AV,PASTEUR,24700,MONTPON-MENESTEROL,AV PASTEUR 24700 MONTPON-MENESTEROL
RTE,DE LA FORCE,24130,EYRAUD-CREMPSE-MAURENS,RTE DE LA FORCE 24130 EYRAUD-CREMPSE-MAURENS
ROUTE,DE BERGERAC,24150,SAINT-CAPRAISE-DE-LALINDE,ROUTE DE BERGERAC 24150 SAINT-CAPRAISE-DE-LALINDE
,LE BOURG,24240,RAZAC-DE-SAUSSIGNAC, LE BOURG 24240 RAZAC-DE-SAUSSIGNAC
BOULEVARD,DES SAVEURS,24660,COULOUNIEIX-CHAMIERS,BOULEVARD DES SAVEURS 24660 COULOUNIEIX-CHAMIERS
,LES SALLES,24300,NONTRON, LES SALLES 24300 NONTRON
,LA TOUR,24580,ROUFFIGNAC ST CERNIN DE R, LA TOUR 24580 ROUFFIGNAC ST CERNIN DE R
PLACE,DE LA LIBERTE,24200,SARLAT-LA-CANEDA,PLACE DE LA LIBERTE 24200 SARLAT-LA-CANEDA
AVENUE,DES MARGUERITES,24500,EYMET,AVENUE DES MARGUERITES 24500 EYMET
RUE,DE LA PRAIRIE,24430,MARSAC-SUR-L'ISLE,RUE DE LA PRAIRIE 24430 MARSAC-SUR-L'ISLE
ROUTE,DE MUSSIDAN,24100,BERGERAC,ROUTE DE MUSSIDAN 24100 BERGERAC
AVENUE,PASTEUR,24100,BERGERAC,AVENUE PASTEUR 24100 BERGERAC
,ZAE DE SALTGOURDE,24430,MARSAC SUR L'ISLE, ZAE DE SALTGOURDE 24430 MARSAC SUR L'ISLE
[ND],[ND],[ND],SAVIGNAC-DE-MIREMONT, SAVIGNAC-DE-MIREMONT
RUE,DES MASSIAS,24700,MONTPON-MENESTEROL,RUE DES MASSIAS 24700 MONTPON-MENESTEROL
[ND],[ND],[ND],SAINT-ASTIER, SAINT-ASTIER
ALLEE,DU MARECHAL-FERRANT,24140,VILLAMBLARD,ALLEE DU MARECHAL-FERRANT 24140 VILLAMBLARD
ROUTE,DU PUITS,24600,PETIT-BERSAC,ROUTE DU PUITS 24600 PETIT-BERSAC
,PEYREBELAYGUE,24530,QUINSAC, PEYREBELAYGUE 24530 QUINSAC
,GRANDE RUE,24380,VERGT, GRANDE RUE 24380 VERGT
,LE BOURG,24390,COUBJOURS, LE BOURG 24390 COUBJOURS
RUE,DES THERMES,24000,PERIGUEUX,RUE DES THERMES 24000 PERIGUEUX
IMPASSE,BLAISE PASCAL,24000,PERIGUEUX,IMPASSE BLAISE PASCAL 24000 PERIGUEUX
[ND],[ND],[ND],EYMET, EYMET
RUE,EMILE AUGIER,24100,BERGERAC,RUE EMILE AUGIER 24100 BERGERAC
RUE,DU 19 M ARS 1962,24520,SAINT-SAUVEUR,RUE DU 19 M ARS 1962 24520 SAINT-SAUVEUR
RUE,DU CAMP DE CESAR,24660,COULOUNIEIX-CHAMIERS,RUE DU CAMP DE CESAR 24660 COULOUNIEIX-CHAMIERS
[ND],[ND],[ND],PERIGUEUX, PERIGUEUX
CLOS,DU CHARPRE,24650,CHANCELADE,CLOS DU CHARPRE 24650 CHANCELADE
RUE,DU CIMETIERE,24300,AUGIGNAC,RUE DU CIMETIERE 24300 AUGIGNAC
CHEMIN,DE LA NOIRE,24130,SAINT-PIERRE-D'EYRAUD,CHEMIN DE LA NOIRE 24130 SAINT-PIERRE-D'EYRAUD
[ND],[ND],[ND],PERIGUEUX, PERIGUEUX
ROUTE,DES PLANTES,24430,ANNESSE-ET-BEAULIEU,ROUTE DES PLANTES 24430 ANNESSE-ET-BEAULIEU
RUE,DE L'AVENIR,24800,EYZERAC,RUE DE L'AVENIR 24800 EYZERAC
[ND],[ND],[ND],PERIGUEUX, PERIGUEUX
RUE,DU MAJORAL FOURNIER,24750,CHAMPCEVINEL,RUE DU MAJORAL FOURNIER 24750 CHAMPCEVINEL
RUE,DES COLLINES,24000,PERIGUEUX,RUE DES COLLINES 24000 PERIGUEUX
[ND],[ND],[ND],MAUZENS-ET-MIREMONT, MAUZENS-ET-MIREMONT
ROUTE,D'ALIX,24130,LUNAS,ROUTE D'ALIX 24130 LUNAS
[ND],[ND],[ND],CALVIAC-EN-PERIGORD, CALVIAC-EN-PERIGORD
LD,LE MAZEAU,24520,LAMONZIE-MONTASTRUC,LD LE MAZEAU 24520 LAMONZIE-MONTASTRUC
,LE HAUT MARSALET,24240,MONBAZILLAC, LE HAUT MARSALET 24240 MONBAZILLAC
LD,THOMAS,24170,SAINT-POMPON,LD THOMAS 24170 SAINT-POMPON
ROUTE,DE LA JOLIVIE,24520,LAMONZIE-MONTASTRUC,ROUTE DE LA JOLIVIE 24520 LAMONZIE-MONTASTRUC
RUE,NEUVE D'ARGENSON,24100,BERGERAC,RUE NEUVE D'ARGENSON 24100 BERGERAC
,LES FONTANELLES,24700,MENESPLET, LES FONTANELLES 24700 MENESPLET
[ND],[ND],[ND],THIVIERS, THIVIERS
CHEMIN,DU CHATEAU DE ROSETTE,24100,BERGERAC,CHEMIN DU CHATEAU DE ROSETTE 24100 BERGERAC
,IMPASSE DU CUIRASSOU,24430,MARSAC SUR L'ISLE, IMPASSE DU CUIRASSOU 24430 MARSAC SUR L'ISLE
,L ENFOUNY,24240,RIBAGNAC, L ENFOUNY 24240 RIBAGNAC
IMPASSE,DES COGNASSIERS,24360,BUSSEROLLES,IMPASSE DES COGNASSIERS 24360 BUSSEROLLES
,LE TOURON SUD,24190,SAINT-GERMAIN-DU-SALEMBRE, LE TOURON SUD 24190 SAINT-GERMAIN-DU-SALEMBRE
BOULEVARD,GEORGES SAUMANDE,24000,PERIGUEUX,BOULEVARD GEORGES SAUMANDE 24000 PERIGUEUX
IMPASSE,DU PLEYSSAC,24310,PAUSSAC-ET-SAINT-VIVIEN,IMPASSE DU PLEYSSAC 24310 PAUSSAC-ET-SAINT-VIVIEN
RUE,BERGGREN,24100,BERGERAC,RUE BERGGREN 24100 BERGERAC
,LE TAP,24240,SAUSSIGNAC, LE TAP 24240 SAUSSIGNAC
,LA PLANE,24130,EYRAUD-CREMPSE-MAURENS, LA PLANE 24130 EYRAUD-CREMPSE-MAURENS
,LA BARONNIE,24220,CASTELS ET BEZENAC, LA BARONNIE 24220 CASTELS ET BEZENAC
,LOUBATOUR,24450,ST-PIERRE-DE-FRUGIE, LOUBATOUR 24450 ST-PIERRE-DE-FRUGIE
CHEMIN,DE BEULAYGUES,24100,BERGERAC,CHEMIN DE BEULAYGUES 24100 BERGERAC
[ND],[ND],[ND],BERGERAC, BERGERAC
IMPASSE,DE LA CLE DES CHANTS,24330,LA DOUZE,IMPASSE DE LA CLE DES CHANTS 24330 LA DOUZE
[ND],[ND],[ND],URVAL, URVAL
,MAISON DES DIMES,24560,ISSIGEAC, MAISON DES DIMES 24560 ISSIGEAC
,LE BOURG,24320,BERTRIC-BUREE, LE BOURG 24320 BERTRIC-BUREE
,PEYNADET,24400,ISSAC, PEYNADET 24400 ISSAC
[ND],[ND],[ND],MARNAC, MARNAC
ROUTE,DE LA COTE,24300,NONTRON,ROUTE DE LA COTE 24300 NONTRON
,GRAND RUE,24380,VERGT, GRAND RUE 24380 VERGT
,LA CROIX DU GENDRE,24190,DOUZILLAC, LA CROIX DU GENDRE 24190 DOUZILLAC
ROUTE,NATIONALE,24420,SARLIAC-SUR-L'ISLE,ROUTE NATIONALE 24420 SARLIAC-SUR-L'ISLE
ROUTE,NATIONALE,24420,SARLIAC-SUR-L'ISLE,ROUTE NATIONALE 24420 SARLIAC-SUR-L'ISLE
,REGOURDOU,24290,MONTIGNAC-LASCAUX, REGOURDOU 24290 MONTIGNAC-LASCAUX
RUE,DES ANCIENS COMBATTANTS,24600,SAINT-MARTIN-DE-RIBERAC,RUE DES ANCIENS COMBATTANTS 24600 SAINT-MARTIN-DE-RIBERAC
[ND],[ND],[ND],ISSIGEAC, ISSIGEAC
RUE,CRONSTADT,24000,PERIGUEUX,RUE CRONSTADT 24000 PERIGUEUX
[ND],[ND],[ND],BOULAZAC ISLE MANOIRE, BOULAZAC ISLE MANOIRE
[ND],[ND],[ND],NONTRON, NONTRON
RUE,DE RIBERAC,24340,LA ROCHEBEAUCOURT ET ARGENTINE,RUE DE RIBERAC 24340 LA ROCHEBEAUCOURT ET ARGENTINE
RUE,DU BOURDON DES PELERINS,24450,SAINT-PIERRE-DE-FRUGIE,RUE DU BOURDON DES PELERINS 24450 SAINT-PIERRE-DE-FRUGIE
ROUTE,DU PLATEAU,24540,SAINT-MARCORY,ROUTE DU PLATEAU 24540 SAINT-MARCORY
,LA GUILLARMIE,24260,CAMPAGNE, LA GUILLARMIE 24260 CAMPAGNE
[ND],[ND],[ND],PLAZAC, PLAZAC
RUE,DU COLOMBIER,24800,THIVIERS,RUE DU COLOMBIER 24800 THIVIERS
[ND],[ND],[ND],CARSAC-AILLAC, CARSAC-AILLAC
,FARGUE DE CAZE,24480,BOUILLAC, FARGUE DE CAZE 24480 BOUILLAC
[ND],[ND],[ND],BEAUMONTOIS EN PERIGORD, BEAUMONTOIS EN PERIGORD
,PLAMONT,24590,SAINT-GENIES, PLAMONT 24590 SAINT-GENIES
,LE BOURG,24480,MOLIERES, LE BOURG 24480 MOLIERES
[ND],[ND],[ND],PARCOUL-CHENAUD, PARCOUL-CHENAUD
ROUTE,DES MOULINS,24290,VALOJOULX,ROUTE DES MOULINS 24290 VALOJOULX
,BLANCHIERS,24520,SAINT-NEXANS, BLANCHIERS 24520 SAINT-NEXANS
RUE,DES JARDINS,24460,AGONAC,RUE DES JARDINS 24460 AGONAC
ROUTE,DES COLYS,24460,CHATEAU-L'EVEQUE,ROUTE DES COLYS 24460 CHATEAU-L'EVEQUE
ROUTE,DES FERMES,24380,FOULEIX,ROUTE DES FERMES 24380 FOULEIX
ROUTE,PABLO PICASSO,24220,VEZAC,ROUTE PABLO PICASSO 24220 VEZAC
RUE,ROGER RANOUX,24750,BOULAZAC ISLE MANOIRE,RUE ROGER RANOUX 24750 BOULAZAC ISLE MANOIRE
ROUTE,DE BONARME,24480,URVAL,ROUTE DE BONARME 24480 URVAL
ROUTE,DES LIBELLULES,24450,MIALET,ROUTE DES LIBELLULES 24450 MIALET
[ND],[ND],[ND],SAINT-PIERRE-D'EYRAUD, SAINT-PIERRE-D'EYRAUD
PLACE,DES TEMPLIERS,24290,SERGEAC,PLACE DES TEMPLIERS 24290 SERGEAC
CHEMIN,DES CRETES,24100,BERGERAC,CHEMIN DES CRETES 24100 BERGERAC
,LES NAVAILLES,24240,MONESTIER, LES NAVAILLES 24240 MONESTIER
[ND],[ND],[ND],PERIGUEUX, PERIGUEUX
,LIEU DIT LE TOURON,24590,SAINT-GENIES, LIEU DIT LE TOURON 24590 SAINT-GENIES
PLACE,DES PETITES BOUCHERIES,24100,BERGERAC,PLACE DES PETITES BOUCHERIES 24100 BERGERAC
CHEMIN,DES GRAVELLES,24320,CHAMPAGNE-ET-FONTAINE,CHEMIN DES GRAVELLES 24320 CHAMPAGNE-ET-FONTAINE
RTE,LD ST PAUL,24360,CHAMPNIERS-ET-REILHAC,RTE LD ST PAUL 24360 CHAMPNIERS-ET-REILHAC
,LE BOURG,24270,DUSSAC, LE BOURG 24270 DUSSAC
RUE,SAINT EXUPERY,24100,BERGERAC,RUE SAINT EXUPERY 24100 BERGERAC
RUE,DU DOCTEUR SCHWEITZER,24300,NONTRON,RUE DU DOCTEUR SCHWEITZER 24300 NONTRON
ROUTE,DU MOULIN DE BOUCH,24120,TERRASSON-LAVILLEDIEU,ROUTE DU MOULIN DE BOUCH 24120 TERRASSON-LAVILLEDIEU
[ND],[ND],[ND],PAYS DE BELVES, PAYS DE BELVES
AVENUE,DE LA IVEME REPUBLIQUE,24210,THENON,AVENUE DE LA IVEME REPUBLIQUE 24210 THENON
AVENUE,WINSTON CHURCHILL,24660,COULOUNIEIX-CHAMIERS,AVENUE WINSTON CHURCHILL 24660 COULOUNIEIX-CHAMIERS
RTE,DU PUY,24380,SANILHAC,RTE DU PUY 24380 SANILHAC
RUE,DU GRAND CAMINEL,24680,GARDONNE,RUE DU GRAND CAMINEL 24680 GARDONNE
RUE,DES FRERES RECLUS,24130,LE FLEIX,RUE DES FRERES RECLUS 24130 LE FLEIX
ROUTE,DE PECANY,24260,SAINT-CHAMASSY,ROUTE DE PECANY 24260 SAINT-CHAMASSY
ROUTE,BLANCHE,24170,DOISSAT,ROUTE BLANCHE 24170 DOISSAT
ROUTE,DU MOULIN A VENT,24480,LE BUISSON-DE-CADOUIN,ROUTE DU MOULIN A VENT 24480 LE BUISSON-DE-CADOUIN
,L'AUBRESSET,24430,RAZAC-SUR-L'ISLE, L'AUBRESSET 24430 RAZAC-SUR-L'ISLE
[ND],[ND],[ND],PERIGUEUX, PERIGUEUX
RUE,DU DOCTEUR SIMOUNET,24100,BERGERAC,RUE DU DOCTEUR SIMOUNET 24100 BERGERAC
AVENUE,DE LA ROQUE,24100,CREYSSE,AVENUE DE LA ROQUE 24100 CREYSSE
LD,LA MOULINASSE,24490,LA ROCHE-CHALAIS,LD LA MOULINASSE 24490 LA ROCHE-CHALAIS
[ND],[ND],[ND],LE BUISSON-DE-CADOUIN, LE BUISSON-DE-CADOUIN
[ND],[ND],[ND],PERIGUEUX, PERIGUEUX
RUE,JEANNE ET YVONNE DANIAS,24100,BERGERAC,RUE JEANNE ET YVONNE DANIAS 24100 BERGERAC
ROUTE,DU MARCHE DE LA FRAISE,24380,VERGT,ROUTE DU MARCHE DE LA FRAISE 24380 VERGT
ROUTE,DES ECURIES,24540,BIRON,ROUTE DES ECURIES 24540 BIRON
IMPASSE,DU VILLAGE DE CHABAN,24290,SAINT-LEON-SUR-VEZERE,IMPASSE DU VILLAGE DE CHABAN 24290 SAINT-LEON-SUR-VEZERE
CHE,DU PUY D'AIGUILLON,24380,SANILHAC,CHE DU PUY D'AIGUILLON 24380 SANILHAC
[ND],[ND],[ND],COULOUNIEIX CHAMIERS, COULOUNIEIX CHAMIERS
[ND],[ND],[ND],MEYRALS, MEYRALS
CHEMIN,DES CRETES,24290,LA CHAPELLE-AUBAREIL,CHEMIN DES CRETES 24290 LA CHAPELLE-AUBAREIL
RUE,DE GINTRAC,24430,RAZAC-SUR-L'ISLE,RUE DE GINTRAC 24430 RAZAC-SUR-L'ISLE
CHE,DE COQUIERE,24220,CASTELS ET BEZENAC,CHE DE COQUIERE 24220 CASTELS ET BEZENAC
RUE,EUGENE LEROY,24300,NONTRON,RUE EUGENE LEROY 24300 NONTRON
RUE,DU CHATEAU,24240,SAUSSIGNAC,RUE DU CHATEAU 24240 SAUSSIGNAC
[ND],[ND],[ND],BERGERAC, BERGERAC
RUE,LUDOVIC TRARIEUX,24000,PERIGUEUX,RUE LUDOVIC TRARIEUX 24000 PERIGUEUX
[ND],[ND],[ND],PARCOUL-CHENAUD, PARCOUL-CHENAUD
IMPASSE,DES ETANGS,24320,CHAMPAGNE-ET-FONTAINE,IMPASSE DES ETANGS 24320 CHAMPAGNE-ET-FONTAINE
[ND],[ND],[ND],BERGERAC, BERGERAC
[ND],[ND],[ND],SAINT-MARTIAL-DE-VALETTE, SAINT-MARTIAL-DE-VALETTE
RUE,BALZAC,24000,PERIGUEUX,RUE BALZAC 24000 PERIGUEUX
[ND],[ND],[ND],PAYZAC, PAYZAC
ROUTE,DU STADE,24550,CAMPAGNAC-LES-QUERCY,ROUTE DU STADE 24550 CAMPAGNAC-LES-QUERCY
ROUTE,DE BREUILH,24660,SANILHAC,ROUTE DE BREUILH 24660 SANILHAC
RUE,MILLET,24100,BERGERAC,RUE MILLET 24100 BERGERAC
[ND],[ND],[ND],BERGERAC, BERGERAC
RUE,JEAN JAURES,24160,EXCIDEUIL,RUE JEAN JAURES 24160 EXCIDEUIL
IMPASSE,DES PUITS,24610,SAINT-MEARD-DE-GURCON,IMPASSE DES PUITS 24610 SAINT-MEARD-DE-GURCON
RUE,DE L'ABBE JEAN SIGALA,24100,BERGERAC,RUE DE L'ABBE JEAN SIGALA 24100 BERGERAC
RUE,MARTHA DESRUMAUX,24000,PERIGUEUX,RUE MARTHA DESRUMAUX 24000 PERIGUEUX
PLACE,DU 14 JUILLET,24150,LALINDE,PLACE DU 14 JUILLET 24150 LALINDE
[ND],[ND],[ND],LUNAS, LUNAS
RUE,DE LA BOETIE,24100,BERGERAC,RUE DE LA BOETIE 24100 BERGERAC
AVENUE,DE LA DORDOGNE,24170,SIORAC-EN-PERIGORD,AVENUE DE LA DORDOGNE 24170 SIORAC-EN-PERIGORD
ROUTE,DU BUGUE,24200,SAINT-ANDRE-D'ALLAS,ROUTE DU BUGUE 24200 SAINT-ANDRE-D'ALLAS
ROUTE,DE ROUMEGOUSE,24170,SIORAC-EN-PERIGORD,ROUTE DE ROUMEGOUSE 24170 SIORAC-EN-PERIGORD
IMPASSE,SOUS LE RUTH,24620,TURSAC,IMPASSE SOUS LE RUTH 24620 TURSAC
RUE,JUNIEN RABIER,24100,BERGERAC,RUE JUNIEN RABIER 24100 BERGERAC
AVENUE,DU GENERAL DE GAULLE,24660,COULOUNIEIX-CHAMIERS,AVENUE DU GENERAL DE GAULLE 24660 COULOUNIEIX-CHAMIERS
ROUTE,DE LALANDE,24400,ISSAC,ROUTE DE LALANDE 24400 ISSAC
ROND-POINT,DU RELAIS,24600,RIBERAC,ROND-POINT DU RELAIS 24600 RIBERAC
RUE,DU VILLAGEOU,24110,SAINT-ASTIER,RUE DU VILLAGEOU 24110 SAINT-ASTIER
IMPASSE,DES ACACIAS,24430,RAZAC-SUR-L'ISLE,IMPASSE DES ACACIAS 24430 RAZAC-SUR-L'ISLE
[ND],[ND],[ND],SAINT-ANTOINE-DE-BREUILH, SAINT-ANTOINE-DE-BREUILH
[ND],[ND],[ND],PERIGUEUX, PERIGUEUX
AV,DOLET BLANCHOU,24450,LA COQUILLE,AV DOLET BLANCHOU 24450 LA COQUILLE
[ND],[ND],[ND],MONBAZILLAC, MONBAZILLAC
AVENUE,EDOUARD MICHEL,24660,COULOUNIEIX-CHAMIERS,AVENUE EDOUARD MICHEL 24660 COULOUNIEIX-CHAMIERS
ROUTE,DE LA RESISTANCE,24130,PRIGONRIEUX,ROUTE DE LA RESISTANCE 24130 PRIGONRIEUX
[ND],[ND],[ND],BOUNIAGUES, BOUNIAGUES
BOULEVARD,DES SAVEURS,24660,COULOUNIEIX-CHAMIERS,BOULEVARD DES SAVEURS 24660 COULOUNIEIX-CHAMIERS
RUE,DE L'EGLISE,24560,COLOMBIER,RUE DE L'EGLISE 24560 COLOMBIER
[ND],[ND],[ND],PERIGUEUX, PERIGUEUX
[ND],[ND],[ND],ISSIGEAC, ISSIGEAC
[ND],[ND],[ND],SAINT-FRONT-D'ALEMPS, SAINT-FRONT-D'ALEMPS
,PUYMANET,24800,THIVIERS, PUYMANET 24800 THIVIERS
RUE,MONTAURIOL,24100,BERGERAC,RUE MONTAURIOL 24100 BERGERAC
,LISSAC,24540,MARSALES, LISSAC 24540 MARSALES
,LE CLOUTIER,24340,MAREUIL EN PERIGORD, LE CLOUTIER 24340 MAREUIL EN PERIGORD
AVENUE,GAMBETTA,24400,MUSSIDAN,AVENUE GAMBETTA 24400 MUSSIDAN
,LES BRANDES,24210,THENON, LES BRANDES 24210 THENON
RUE,DE MAYET,24400,SAINT-MEDARD-DE-MUSSIDAN,RUE DE MAYET 24400 SAINT-MEDARD-DE-MUSSIDAN
,LOGEMENT DE L ECOLE,24320,LUSIGNAC, LOGEMENT DE L ECOLE 24320 LUSIGNAC
,ROUTE DE MASSET,24460,SAINT FRONT D'ALEMPS, ROUTE DE MASSET 24460 SAINT FRONT D'ALEMPS
ROUTE,DE LA LANDE,24110,SAINT-LEON-SUR-L'ISLE,ROUTE DE LA LANDE 24110 SAINT-LEON-SUR-L'ISLE
RUE,FUSTEL DE COULANGES,24100,BERGERAC,RUE FUSTEL DE COULANGES 24100 BERGERAC
[ND],[ND],[ND],PIEGUT-PLUVIERS, PIEGUT-PLUVIERS
,LIEU DIT L'ETANG,24320,BERTRIC-BUREE, LIEU DIT L'ETANG 24320 BERTRIC-BUREE
RUE,EMILE BAZILLOU,24400,MUSSIDAN,RUE EMILE BAZILLOU 24400 MUSSIDAN
,"LIEU DIT ""VINCENT""",24190,NEUVIC," LIEU DIT ""VINCENT"" 24190 NEUVIC"
,FARGUE DE CAZE,24480,BOUILLAC, FARGUE DE CAZE 24480 BOUILLAC
RUE,DE LA BOETIE,24100,BERGERAC,RUE DE LA BOETIE 24100 BERGERAC
[ND],[ND],[ND],CREYSSE, CREYSSE
RUE,CARNOT,24300,NONTRON,RUE CARNOT 24300 NONTRON
,LA MOTHE,24120,VILLAC, LA MOTHE 24120 VILLAC
PLACE,GENERAL LECLERC,24000,PERIGUEUX,PLACE GENERAL LECLERC 24000 PERIGUEUX
CHEMIN,DU MOULIN,24130,SAINT-PIERRE-D'EYRAUD,CHEMIN DU MOULIN 24130 SAINT-PIERRE-D'EYRAUD
,LE BREUIL,24400,SAINT-GERY, LE BREUIL 24400 SAINT-GERY
RUE,DU PETIT MOULIN,24520,MOULEYDIER,RUE DU PETIT MOULIN 24520 MOULEYDIER
RUE,DE LA MAISON FORTE,24530,CONDAT-SUR-TRINCOU,RUE DE LA MAISON FORTE 24530 CONDAT-SUR-TRINCOU
ALLEE,DE LA TREMOUILLE,24660,SANILHAC,ALLEE DE LA TREMOUILLE 24660 SANILHAC
AV,DU PROFESSEUR ALBERT CALMETTE,24100,BERGERAC,AV DU PROFESSEUR ALBERT CALMETTE 24100 BERGERAC
IMP,GABRIEL TRIBIER,24120,LES COTEAUX PERIGOURDINS,IMP GABRIEL TRIBIER 24120 LES COTEAUX PERIGOURDINS
,LE MOULIN DES CABANNES,24230,MONTAZEAU, LE MOULIN DES CABANNES 24230 MONTAZEAU
RUE,EMILE ZOLA,24110,SAINT-ASTIER,RUE EMILE ZOLA 24110 SAINT-ASTIER
AVENUE,WINSTON CHURCHILL,24660,COULOUNIEIX-CHAMIERS,AVENUE WINSTON CHURCHILL 24660 COULOUNIEIX-CHAMIERS
,LE PONTEIX,24190,NEUVIC, LE PONTEIX 24190 NEUVIC
RUE,HENRI MATISSE,24750,TRELISSAC,RUE HENRI MATISSE 24750 TRELISSAC
,FARD SUD EST,24800,NANTHEUIL, FARD SUD EST 24800 NANTHEUIL
COURS,ALSACE LORRAINE,24100,BERGERAC,COURS ALSACE LORRAINE 24100 BERGERAC
[ND],[ND],[ND],THENAC, THENAC
ROUTE,DE BEAUMONT,24560,FAUX,ROUTE DE BEAUMONT 24560 FAUX
[ND],[ND],[ND],PERIGUEUX, PERIGUEUX
RUE,DU PIGNIER,24130,LE FLEIX,RUE DU PIGNIER 24130 LE FLEIX
AVENUE,GEORGES HAUPINOT,24570,LE LARDIN-SAINT-LAZARE,AVENUE GEORGES HAUPINOT 24570 LE LARDIN-SAINT-LAZARE
,GRAND RUE,24230,VELINES, GRAND RUE 24230 VELINES
LD,ROUCOLLIAS,24620,PEYZAC-LE-MOUSTIER,LD ROUCOLLIAS 24620 PEYZAC-LE-MOUSTIER
CHEMIN,DE LA COTE DE ROSETTE,24100,BERGERAC,CHEMIN DE LA COTE DE ROSETTE 24100 BERGERAC
ROUTE,DE LA BOURADOU,24520,SAINT-AGNE,ROUTE DE LA BOURADOU 24520 SAINT-AGNE
RUE,COMBE DES DAMES,24000,PERIGUEUX,RUE COMBE DES DAMES 24000 PERIGUEUX
,"LIEU-DIT ""LES LANDES-EST""",24380,SANILHAC," LIEU-DIT ""LES LANDES-EST"" 24380 SANILHAC"
RUE,PIERRE DE MAREUIL,24310,BRANTOME EN PERIGORD,RUE PIERRE DE MAREUIL 24310 BRANTOME EN PERIGORD
LD,LA ROCHE,24800,CORGNAC SUR L'ISLE,LD LA ROCHE 24800 CORGNAC SUR L'ISLE
IMP,L'AIR,24290,LA CHAPELLE-AUBAREIL,IMP L'AIR 24290 LA CHAPELLE-AUBAREIL
,LE BOS ROUGE,24170,PAYS DE BELVES, LE BOS ROUGE 24170 PAYS DE BELVES
,LES GRANDS MONTS,24270,PAYZAC, LES GRANDS MONTS 24270 PAYZAC
,LE TUQUET SUD,24100,BERGERAC, LE TUQUET SUD 24100 BERGERAC
[ND],[ND],[ND],NASTRINGUES, NASTRINGUES
,SOUS LE NOYER,24400,BOURGNAC, SOUS LE NOYER 24400 BOURGNAC
RUE,DES CAPUCINES,24750,TRELISSAC,RUE DES CAPUCINES 24750 TRELISSAC
CHEMIN,DU LUC,33220,PORT-SAINTE-FOY-ET-PONCHAPT,CHEMIN DU LUC 33220 PORT-SAINTE-FOY-ET-PONCHAPT
RUE,LAGRANGE CHANCEL,24000,PERIGUEUX,RUE LAGRANGE CHANCEL 24000 PERIGUEUX
[ND],[ND],[ND],PERIGUEUX, PERIGUEUX
CHEMIN,DU MOULIN,24110,SAINT-ASTIER,CHEMIN DU MOULIN 24110 SAINT-ASTIER
RUE,DES GRANGES,24290,LA CHAPELLE-AUBAREIL,RUE DES GRANGES 24290 LA CHAPELLE-AUBAREIL
IMPASSE,DENIS DIDEROT,24750,BOULAZAC ISLE MANOIRE,IMPASSE DENIS DIDEROT 24750 BOULAZAC ISLE MANOIRE
RUE,CRONSTADT,24000,PERIGUEUX,RUE CRONSTADT 24000 PERIGUEUX
LD,LES VERSANNES,24330,LA DOUZE,LD LES VERSANNES 24330 LA DOUZE
[ND],[ND],[ND],POMPORT, POMPORT
RUE,AUBERGERIE,24000,PERIGUEUX,RUE AUBERGERIE 24000 PERIGUEUX
ROUTE,D'ISSIGEAC,24500,EYMET,ROUTE D'ISSIGEAC 24500 EYMET
AVENUE,GEORGES POMPIDOU,24750,TRELISSAC,AVENUE GEORGES POMPIDOU 24750 TRELISSAC
IMPASSE,DU TACOT,24660,COULOUNIEIX-CHAMIERS,IMPASSE DU TACOT 24660 COULOUNIEIX-CHAMIERS
,LE MEYNARD,24190,SAINT-GERMAIN-DU-SALEMBRE, LE MEYNARD 24190 SAINT-GERMAIN-DU-SALEMBRE
,GRAND'RUE,24150,LANQUAIS, GRAND'RUE 24150 LANQUAIS
[ND],[ND],[ND],PERIGUEUX, PERIGUEUX
ROUTE,DE BERGERAC,24150,SAINT-CAPRAISE-DE-LALINDE,ROUTE DE BERGERAC 24150 SAINT-CAPRAISE-DE-LALINDE
BOULEVARD,DES SAVEURS,24660,COULOUNIEIX-CHAMIERS,BOULEVARD DES SAVEURS 24660 COULOUNIEIX-CHAMIERS
[ND],[ND],[ND],PERIGUEUX, PERIGUEUX
RUE,DU GENERAL LAMY,24800,THIVIERS,RUE DU GENERAL LAMY 24800 THIVIERS
ROUTE,DE LA PEYRE,24220,MARNAC,ROUTE DE LA PEYRE 24220 MARNAC
[ND],[ND],[ND],SAINT-PANTALY-D'EXCIDEUIL, SAINT-PANTALY-D'EXCIDEUIL
ROUTE,DE LA FONTAINE,24250,NABIRAT,ROUTE DE LA FONTAINE 24250 NABIRAT
CHEMIN,DES GARDES,24290,MONTIGNAC-LASCAUX,CHEMIN DES GARDES 24290 MONTIGNAC-LASCAUX
[ND],[ND],[ND],NONTRON, NONTRON
[ND],[ND],[ND],TRELISSAC, TRELISSAC
AVENUE,GEORGES POMPIDOU,24750,TRELISSAC,AVENUE GEORGES POMPIDOU 24750 TRELISSAC
RUE,ANDRE CHEMINADE,24600,RIBERAC,RUE ANDRE CHEMINADE 24600 RIBERAC
RUE,JEAN MACE,24100,BERGERAC,RUE JEAN MACE 24100 BERGERAC
AVENUE,JULES FERRY,24300,NONTRON,AVENUE JULES FERRY 24300 NONTRON
CHEMIN,DE LA PETITE FORET,24660,COULOUNIEIX-CHAMIERS,CHEMIN DE LA PETITE FORET 24660 COULOUNIEIX-CHAMIERS
[ND],[ND],[ND],NONTRON, NONTRON
RUE,BEAUMARCHAIS,24100,BERGERAC,RUE BEAUMARCHAIS 24100 BERGERAC
ALLEE,DES RUCHES,24420,COULAURES,ALLEE DES RUCHES 24420 COULAURES
,LIEU DIT SAINSAC,24410,SAINT PRIVAT EN PERIGORD, LIEU DIT SAINSAC 24410 SAINT PRIVAT EN PERIGORD
RUE,PAUL ELUARD,24200,SARLAT-LA-CANEDA,RUE PAUL ELUARD 24200 SARLAT-LA-CANEDA
RUE,FON CLOSE,24240,SIGOULES-ET-FLAUGEAC,RUE FON CLOSE 24240 SIGOULES-ET-FLAUGEAC
,PIVIERES,24220,SAINT-CYPRIEN, PIVIERES 24220 SAINT-CYPRIEN
,LA BEYLIE,24580,PLAZAC, LA BEYLIE 24580 PLAZAC
[ND],[ND],[ND],CHANCELADE, CHANCELADE
ROUTE,DU PIGEONNIER,24640,CHOURGNAC,ROUTE DU PIGEONNIER 24640 CHOURGNAC
,LES BRANDIERES,24590,SAINT-GENIES, LES BRANDIERES 24590 SAINT-GENIES
RUE,JACQUES PREVERT,24130,PRIGONRIEUX,RUE JACQUES PREVERT 24130 PRIGONRIEUX
,MALOULIE,24400,ISSAC, MALOULIE 24400 ISSAC
ROUTE,DES GARENNES,24430,COURSAC,ROUTE DES GARENNES 24430 COURSAC
[ND],[ND],[ND],BERGERAC, BERGERAC
RUE,NOTRE-DAME,24540,MONPAZIER,RUE NOTRE-DAME 24540 MONPAZIER
[ND],[ND],[ND],SOURZAC, SOURZAC
RUE,MAURICE IMBERT,24470,SAINT-PARDOUX-LA-RIVIERE,RUE MAURICE IMBERT 24470 SAINT-PARDOUX-LA-RIVIERE
RUE,PIERRE ROSSIGNOL,24200,SARLAT-LA-CANEDA,RUE PIERRE ROSSIGNOL 24200 SARLAT-LA-CANEDA
[ND],[ND],[ND],CHAMPCEVINEL, CHAMPCEVINEL
CHEMIN,DU FORGERON,24380,SAINT-PAUL-DE-SERRE,CHEMIN DU FORGERON 24380 SAINT-PAUL-DE-SERRE
RUE,DE SAINT-APRE,24350,TOCANE-SAINT-APRE,RUE DE SAINT-APRE 24350 TOCANE-SAINT-APRE
CHEMIN,DE PUYCHASSIER,24460,AGONAC,CHEMIN DE PUYCHASSIER 24460 AGONAC
IMPASSE,EDOUARD LALO,24100,BERGERAC,IMPASSE EDOUARD LALO 24100 BERGERAC
ROUTE,DE L’EPERON,24230,SAINT-ANTOINE-DE-BREUILH,ROUTE DE L’EPERON 24230 SAINT-ANTOINE-DE-BREUILH
[ND],[ND],[ND],MARSAC-SUR-L'ISLE, MARSAC-SUR-L'ISLE
[ND],[ND],[ND],COLY-SAINT-AMAND, COLY-SAINT-AMAND
RUE,PAUL ELUARD,24200,SARLAT-LA-CANEDA,RUE PAUL ELUARD 24200 SARLAT-LA-CANEDA
RUE,DE MANIEUX,24400,SAINT-MEDARD-DE-MUSSIDAN,RUE DE MANIEUX 24400 SAINT-MEDARD-DE-MUSSIDAN
RUE,DU MARECHAL LYAUTEY,24660,COULOUNIEIX-CHAMIERS,RUE DU MARECHAL LYAUTEY 24660 COULOUNIEIX-CHAMIERS
COTE,DE LA CAPELLE,24230,VELINES,COTE DE LA CAPELLE 24230 VELINES
[ND],[ND],[ND],BERGERAC, BERGERAC
ROUTE,DE TAMNIES,24200,MARCILLAC-SAINT-QUENTIN,ROUTE DE TAMNIES 24200 MARCILLAC-SAINT-QUENTIN
[ND],[ND],[ND],PERIGUEUX, PERIGUEUX
ROUTE,DES ECUREUILS,24400,SOURZAC,ROUTE DES ECUREUILS 24400 SOURZAC
RUE,NOTRE DAME,24600,RIBERAC,RUE NOTRE DAME 24600 RIBERAC
,MARQUEYSOL,24540,ST ROMAIN DE MONPAZIER, MARQUEYSOL 24540 ST ROMAIN DE MONPAZIER
LD,LA MOULINASSE,24490,LA ROCHE-CHALAIS,LD LA MOULINASSE 24490 LA ROCHE-CHALAIS
,LA BOIGE,24600,ST SULPICE DE ROUMAGNAC, LA BOIGE 24600 ST SULPICE DE ROUMAGNAC
,POMPOUGNAC,24640,CUBJAC-AUVEZERE-VAL D'ANS, POMPOUGNAC 24640 CUBJAC-AUVEZERE-VAL D'ANS
RUE,DES COMBATTANTS D ALGERIE,24600,RIBERAC,RUE DES COMBATTANTS D ALGERIE 24600 RIBERAC
ROUTE,DE LAGRENIE,24250,GROLEJAC,ROUTE DE LAGRENIE 24250 GROLEJAC
RUE,GEORGES BRASSENS,24300,NONTRON,RUE GEORGES BRASSENS 24300 NONTRON
[ND],[ND],[ND],LES EYZIES, LES EYZIES
,LE BOURG CHERVEIX,24390,CHERVEIX-CUBAS, LE BOURG CHERVEIX 24390 CHERVEIX-CUBAS
[ND],[ND],[ND],LE BUISSON-DE-CADOUIN, LE BUISSON-DE-CADOUIN
RUE,PAUL ELUARD,24200,SARLAT-LA-CANEDA,RUE PAUL ELUARD 24200 SARLAT-LA-CANEDA
PLACE,DE LA LIBERTE,24220,SAINT-CYPRIEN,PLACE DE LA LIBERTE 24220 SAINT-CYPRIEN
RUE,MICHEL MONTAIGNE,24610,VILLEFRANCHE-DE-LONCHAT,RUE MICHEL MONTAIGNE 24610 VILLEFRANCHE-DE-LONCHAT
RUE,BLANCHE ODIN,24310,BRANTOME EN PERIGORD,RUE BLANCHE ODIN 24310 BRANTOME EN PERIGORD
